id;id_c;firstname_c;lastname_c;email_c;phone_c;address_c
1;reciprocal withdrawal;"Mrdvic";"Qpuzkv";"tV@9rA\=XZuEs";Integration e-markets;Handcrafted iterate PNG
2;Account;"Glup";"Aixvyc";"Z@ys8Y\IEAU";Customer-focused;Associate Taiwan
3;Mouse;"Nmmccu";"Mc";"DdSt7@oF_S\nplpdR";Mountain;haptic
4;Via;"Yegfqsc";"Mzxuv";"8u@Ijxr\*kJ";Solutions;leverage Pants
5;Market Gorgeous;"Xnqm";"Zd";"5-w@64L.g\jYZbB";Rubber deposit;Fish Cambridgeshire
6;Hollow matrix;"Uvjsijl";"Kxkqx";"sn.@Lyn\nBwEh";Sausages Cheese withdrawal;Soap
7;red SAS;"Etsrsqk";"Dicfur";"Nwfg@4vcVM\eDKgB";reintermediate networks;Investor
8;Officer Money;"Sa";"Alhw";"hYUCG@GA2q\-xzK";Directives Multi-channelled payment;Bridge morph
9;Berkshire;"Fzalpjg";"Aelqame";"4I12PN@H7yab\7vKu";Liaison Optimized optical;up
10;Ball;"Yxpf";"Mok";"8m0j@S-090\NpuS";functionalities;Licensed Frozen
